Pheno	symbol	SNP	REF	ALT	ALT_FREQS	Chr	ChrPos	EffectSize	PValue	consequence
PC(36:1)	PDE4C	rs1005338	C	T	0.29717	19	18337722	0.0823719399324795	4.521762800466463e-6	intron_variant
PE-P(38:5)	SH2D4A	rs10113216	G	A	0.122642	8	19183483	0.04955817197359842	4.239410114720986e-6	intron_variant
PC(40:5)	GCG	rs10170813	C	T	0.0990566	2	163015464	0.0352944130098855	4.606141987120545e-7	upstream_gene_variant
SM(34:1)	GULP1	rs10182377	A	G	0.188679	2	189219198	0.06637990176307457	4.663099700329175e-7	intron_variant
SM(36:1)	GULP1	rs10182377	A	G	0.188679	2	189219198	0.0633823871725393	8.766467552675113e-7	intron_variant
PE-O(34:1)	SLC6A12	rs10431344	G	A	0.0566038	12	260870	0.02028768051995541	3.3000948828761715e-6	intron_variant
dhCer(20:0)	FCRL3	rs10489676	T	C	0.268868	1	157619889	0.07524306110076029	1.785083235857104e-6	intergenic_variant
SM(31:1)	PGGHG	rs10751646	A	G	0.40566	11	288022	0.1058032112255264	2.5950588111122714e-7	splice_region_variant
PE-O(34:1)	ZNF485	rs10793446	T	C	0.287736	10	44087671	0.08445912479034905	4.4296897018456675e-6	intergenic_variant
PE-O(34:2)	ZNF485	rs10793446	T	C	0.287736	10	44087671	0.09067966695116646	1.7855843342035884e-6	intergenic_variant
PE-O(36:3)	ZNF485	rs10793446	T	C	0.287736	10	44087671	0.08442533858649094	4.451444825436865e-6	intergenic_variant
PE-O(36:6)	TNC	rs10982616	C	G	0.325472	9	117982057	0.09534756754389748	6.693304542972557e-7	intron_variant
PC(35:0)	SALL1	rs11076547	T	C	0.29717	16	51084325	0.07239019656458504	4.287890574009029e-6	downstream_gene_variant
LPC(20:1)	GPX4	rs11084884	G	C	0.311321	19	1126802	0.08585006586144045	1.286287041895083e-6	intron_variant
SM(33:1)	MAGI3	rs11102649	A	G	0.339623	1	114076546	0.1021053163203699	5.403318864665073e-7	intron_variant
PC-O(32:1)	IER3	rs111628614	A	T	0.113208	6	30752020	0.04590224241493523	3.114087596268343e-6	intron_variant
SM(35:2)	LILRB4	rs111887345	C	T	0.0707547	19	55178467	0.02233052328735236	2.4703890715725654e-6	non_coding_transcript_exon_variant
SM(38:2)	CADM1	rs11215633	G	A	0.325472	11	115488667	0.09794671940202232	6.367472450363163e-7	regulatory_region_variant
PC(40:7)	ZNF32	rs11238641	C	T	0.146226	10	44204139	0.0558911872681925	5.463547447348421e-7	intergenic_variant
CE(16:0)	GRIN3B	rs112452416	G	A	0.117925	19	998228	0.04243475879258113	4.90193863340422e-6	upstream_gene_variant
MHC(20:0)	SLC14A2	rs115315018	A	T	0.141509	18	42732060	0.04258491352510873	4.409284234337854e-6	intron_variant
PE-O(36:5)	HDAC7	rs11574085	T	A	0.0801887	12	48250794	0.03013477212586408	2.485422192596678e-7	intron_variant
PE-O(34:2)	PCGF5	rs11596146	G	A	0.45283	10	92933099	0.10062850661533672	6.476135325798195e-7	intergenic_variant
PI(40:5)	MAF	rs11644520	T	C	0.127358	16	79025080	0.04424228658522893	3.830827316016901e-6	intron_variant
PI(38:2)	CCL2	rs11655679	A	C	0.292453	17	32548533	0.06705328807669832	4.776858139432663e-6	intergenic_variant
SM(36:3)	GULP1	rs11682085	G	A	0.221698	2	189271822	0.07253979372160477	4.2960550342709535e-6	intron_variant
PC(37:4)	VWA8	rs116866506	C	T	0.0660377	13	42571052	0.02218750523084385	2.009678239778782e-6	intergenic_variant
PE-P(40:5)	ASCC2	rs11703815	C	A	0.103774	22	30244857	0.03096469363497493	4.1612046328403735e-6	intergenic_variant
PE(36:3)	CDH6	rs11745116	C	T	0.273585	5	30103465	0.07897481787791456	3.096476149946927e-6	regulatory_region_variant
CE(14:0)	EXOC3	rs11749327	C	A	0.221698	5	457261	0.07192987584829484	2.192326157119947e-7	non_coding_transcript_exon_variant
MHC(16:0)	DIRAS2	rs11789840	C	T	0.0707547	9	93477005	0.03778363199248395	3.5943611538479016e-7	intergenic_variant
LPC(20:5)	CLEC12A	rs118182007	T	C	0.0613208	12	10104003	0.02223178970525648	1.9430732982847013e-6	non_coding_transcript_exon_variant
PC-O(36:2)	NWD2	rs11940696	A	G	0.179245	4	37196657	0.06015776877764704	1.7014927592211167e-6	intergenic_variant
PC(28:0)	CD101	rs12085260	A	T	0.150943	1	117506186	0.03884173684022959	3.062019185196888e-6	intron_variant
PE-O(40:5)	RGS21	rs12401540	T	A	0.240566	1	192414814	0.09028411758909168	3.5118248494521308e-6	regulatory_region_variant
PG(36:2)	TTC32	rs12479055	G	A	0.386792	2	20037415	0.0850895698530731	4.373822162692406e-7	intergenic_variant
PC-O(36:5)	SLC44A5	rs1249820	A	G	0.433962	1	75858499	0.0985213082670944	3.545854081289711e-6	intron_variant
DG(36:3)	CCHCR1	rs1265115	C	A	0.339623	6	31117075	0.07874650441250122	2.5740921616615144e-6	non_coding_transcript_exon_variant
PE(35:2)	CADM1	rs12790574	C	T	0.457547	11	115009145	0.10329850157856132	5.042405355261861e-7	intergenic_variant
PC-P(32:1)	PLEKHH1	rs12878807	T	A	0.466981	14	67964688	0.12195464515817336	4.4197203257120116e-7	intron_variant
CE(16:0)	CWC22	rs13015520	G	A	0.311321	2	180983069	0.08931890893849252	1.3583930692813851e-6	intergenic_variant
SM(36:2)	GULP1	rs13025030	T	C	0.132075	2	189351193	0.04947032472728092	3.19827431908837e-7	intron_variant
LPE(18:0)	GMCL2	rs13179114	C	T	0.174528	5	177615285	0.0513263473990087	4.1560376042924035e-6	upstream_gene_variant
PC(36:0)	RARB	rs1319986	G	C	0.188679	3	25004596	0.06031109212873052	4.182048958264798e-6	intron_variant
LPE(18:1)	PRL	rs13212670	C	T	0.320755	6	21969495	0.06441556139598133	3.577047084377918e-6	intron_variant
PE(38:6)	HOXA1	rs13221446	G	T	0.127358	7	27094976	0.04532690894949676	2.910085296310631e-6	intergenic_variant
CE(22:4)	GPC5	rs1327327	A	G	0.278302	13	90344135	0.0742149601949455	1.4907190216777992e-6	intergenic_variant
LPC-O(18:1)	YPEL1	rs13340063	G	A	0.448113	22	22097006	0.11262632439171756	4.3078545565358514e-6	intergenic_variant
PI(34:0)	EBF1	rs1363619	C	A	0.0801887	5	158298711	0.02877291434901344	4.831258235078323e-6	intron_variant
CE(20:4)	ACOT7	rs143379452	G	A	0.0518868	1	6440435	0.01541619303025189	4.205770659308934e-6	intron_variant
LPC(16:1)	RIC3	rs1569128	T	A	0.363208	11	8132885	0.09365950850571508	2.837149808576899e-6	intron_variant
PS(38:3)	SASH1	rs1624157	G	A	0.0518868	6	148815558	0.01877697899095539	3.349908723005327e-6	intron_variant
PS(38:4)	SASH1	rs1624157	G	A	0.0518868	6	148815558	0.01984133307317894	1.634992445330391e-6	intron_variant
PC(40:6)	DPEP1	rs164740	G	A	0.207547	16	89668568	0.06308208208984821	3.2276720854779187e-6	downstream_gene_variant
PC(36:4)	NDUFA4	rs17163488	T	A	0.20283	7	10771708	0.05427015739967292	3.2757167400496954e-6	intergenic_variant
PC(38:4)	FADS1	rs174576	C	A	0.311321	11	61603510	0.08649172478464297	2.5726060520540137e-6	intron_variant
TG(54:3)	SLC5A1	rs17745316	G	A	0.146226	22	32446805	0.05017366334017757	1.754557379092855e-6	intron_variant
PC(36:3)	CLCN6	rs1801131	T	G	0.29717	1	11854476	0.07229679898041205	3.196929124641735e-6	missense_variant
PC(38:4)	MAGI1	rs181517566	T	A	0.0754717	3	65884605	0.02775567692392527	4.01913024207098e-6	intron_variant
SM(38:2)	IRF2	rs1863319	G	A	0.537736	4	185423676	0.10201353644384233	3.394031191581582e-6	downstream_gene_variant
LPC(18:3)	NELL2	rs1873980	A	G	0.0849057	12	44802383	0.03661652414312038	7.668066917166176e-8	intergenic_variant
DHC(16:0)	JRKL	rs1943838	G	A	0.400943	11	96883279	0.10171450143380348	2.1595924163925316e-6	intergenic_variant
MHC(24:1)	NRP2	rs1990667	T	C	0.160377	2	206232244	0.04996708937916083	4.791976408878553e-7	intron_variant
SM(31:1)	ST6GALNAC5	rs199688	C	T	0.113208	1	77498867	0.04573955479423712	1.7508492506144316e-7	intron_variant
PC(33:1)	C1GALT1C1L	rs2015584	T	C	0.523585	2	43895263	0.10513672896148546	2.4663992317801217e-6	intron_variant
PC-O(40:6)	NUF2	rs2036699	T	C	0.311321	1	163260429	0.09111446657017223	6.597532749834166e-7	intron_variant
PC-O(40:7)	NUF2	rs2036699	T	C	0.311321	1	163260429	0.07727337076496157	4.9997137870933785e-6	intron_variant
PC-P(38:6)	NUF2	rs2036699	T	C	0.311321	1	163260429	0.08184182006624896	2.4213523456415928e-6	intron_variant
PC-P(40:6)	NUF2	rs2036699	T	C	0.311321	1	163260429	0.08175069827815414	2.6212354168163667e-6	intron_variant
SM(38:1)	TSBP1	rs2050189	T	C	0.283019	6	32339647	0.07579270295213215	1.3789039162130528e-6	5_prime_UTR_variant
TG(58:8)	RASGRF1	rs2102999	T	C	0.424528	15	79410710	0.11194359981696926	9.220619924174906e-7	downstream_gene_variant
PE(38:6)	XKR3	rs2110146	C	T	0.25	22	17337454	0.06611213110988065	4.807909582501812e-6	downstream_gene_variant
PC-P(34:3)	PPARG	rs2120825	T	G	0.136792	3	12413339	0.0518822328293813	1.8060832281944613e-6	intron_variant
GM3(16:0)	NRP2	rs2137176	A	G	0.169811	2	206248040	0.05349901283249611	2.516483834411131e-7	intron_variant
DHC(24:1)	FAM83C	rs2145082	C	T	0.386792	20	33905326	0.12677490879841102	1.6991619432445617e-7	intron_variant
PE-O(40:5)	TLR4	rs2183150	C	G	0.179245	9	120405181	0.04907256397886019	4.765104553883284e-6	intergenic_variant
LPC(14:0)	DCLK1	rs2185868	T	C	0.183962	13	36452141	0.06385185302718359	6.363870156212666e-7	intron_variant
DG(36:1)	CCL22	rs223880	A	G	0.132075	16	57386186	0.044021808849867033	4.390673540420701e-7	intergenic_variant
DG(32:0)	RIBC2	rs2272805	G	A	0.15566	22	45809698	0.04394027767467628	3.7565437245237503e-6	5_prime_UTR_variant
PC(38:3)	UQCC2	rs2281830	G	A	0.372642	6	33695130	0.08783375408462266	4.8367054168075984e-6	intron_variant
PC(32:1)	FAM110B	rs2325795	C	T	0.292453	8	58445201	0.07250704133695994	3.5713188486757356e-6	intron_variant
PC(32:2)	SLCO1B1	rs2417873	G	A	0.273585	12	21166323	0.11301166338879484	1.368447591612584e-7	intron_variant
DHC(16:0)	ADAMTS16	rs249472	G	A	0.415094	5	5002228	0.07688576085369647	4.6382286905983886e-6	intron_variant
TG(56:8)	RBM22	rs252161	A	G	0.283019	5	150078956	0.09215831156436456	9.258779909616592e-7	intron_variant
TG(54:4)	MICA	rs2523454	G	A	0.433962	6	31367865	0.10254413927590895	2.9664296230929632e-6	upstream_gene_variant
GM3(24:0)	GABRG2	rs2562326	A	G	0.40566	5	162144454	0.1038931735281065	2.559168522526572e-6	intergenic_variant
SM(36:1)	SEMA3D	rs2662864	A	T	0.400943	7	85460070	0.11329310554712416	8.60312560152328e-8	intergenic_variant
PC-O(34:3)	NEUROD6	rs2690885	C	T	0.410377	7	31302734	0.10986975595015136	2.2835839071136157e-6	intergenic_variant
MHC(18:0)	FCRL4	rs2758643	G	T	0.481132	1	157589994	0.09149751409799936	1.474891826015422e-6	intergenic_variant
TG(52:3)	POU3F1	rs2799851	G	A	0.448113	1	38606443	0.0817564357724695	4.375650674947949e-6	intergenic_variant
PC(38:2)	RSPO3	rs2800703	T	G	0.301887	6	127426798	0.08080716975266404	1.8346509063395132e-6	intergenic_variant
CE(20:1)	RGS5	rs2820568	G	A	0.169811	1	163453047	0.05174396198538357	3.0135430233588492e-6	intergenic_variant
PE-P(38:4)	OR4E1	rs2874145	G	A	0.132075	14	22328266	0.04711251319027877	2.4584573044978622e-6	regulatory_region_variant
LPC-O(16:0)	DIS3L2	rs3116227	G	A	0.268868	2	232887981	0.08598048015242016	4.361537097094361e-6	intron_variant
dhCer(24:1)	POU5F1	rs3130467	C	T	0.287736	6	31187075	0.07712910036179986	8.856329072814101e-7	upstream_gene_variant
CE(20:4)	PSORS1C1	rs3130982	C	G	0.481132	6	31084075	0.14175753374391692	6.31987566853124e-8	synonymous_variant
LPC(20:2)	ICE2	rs340023	C	T	0.278302	15	60908082	0.0888540658513194	1.31746640632836e-6	intron_variant
CE(20:2)	TNKS	rs34592740	G	C	0.325472	8	9651096	0.0985019307071902	1.208844850027591e-6	intergenic_variant
GM3(24:0)	B4GALT5	rs34758852	T	C	0.207547	20	48358068	0.06029484993838475	4.531766201718327e-6	intergenic_variant
CE(24:1)	SFTA2	rs34767257	G	A	0.122642	6	30932606	0.04150072848250349	2.042342439877388e-6	intergenic_variant
LPC-O(22:0)	ZGLP1	rs35186095	C	T	0.117925	19	10418251	0.04079188011876909	1.962441115972598e-6	intron_variant
DG(30:1)	PHETA1	rs3742007	C	T	0.165094	12	111747963	0.05305149659328288	6.892018580378905e-7	synonymous_variant
THC(18:0)	TGFA	rs3771518	G	A	0.245283	2	70689244	0.06841659131742223	2.748824012011114e-6	intron_variant
LPC(18:3)	ICA1	rs3807848	G	T	0.292453	7	8160102	0.10158917539311108	1.0109725723628682e-6	intron_variant
LPC(20:4)	IL17A	rs3819024	A	G	0.34434	6	52050786	0.09506798670531114	1.907340916945301e-6	upstream_gene_variant
LPC-O(22:1)	IL17A	rs3819024	A	G	0.34434	6	52050786	0.0900344557204506	4.362176667494109e-6	upstream_gene_variant
PC(36:4)	FADS2	rs4246215	G	T	0.29717	11	61564299	0.08708245971209057	7.444116065756895e-7	3_prime_UTR_variant
Cer(18:0)	IRX5	rs4270172	A	G	0.188679	16	55157679	0.06708179602447914	2.6960158230409803e-6	intergenic_variant
Cer(24:1)	IRX5	rs4270172	A	G	0.188679	16	55157679	0.07037776684520156	1.2292162581615348e-6	intergenic_variant
PE-P(36:4)	GIMD1	rs4383690	T	C	0.283019	4	107366847	0.0893176683006148	3.526030156297599e-6	intron_variant
PC-O(34:3)	MYH15	rs4475046	A	T	0.15566	3	108187769	0.05309969289291147	3.6591497887720943e-6	intron_variant
DG(30:1)	MX1	rs467593	A	G	0.235849	21	42826551	0.07645079737774887	2.859358691804418e-6	intron_variant
TG(54:2)	HLA-DQB1	rs4713570	C	T	0.316038	6	32626040	0.06616139271599461	4.642604387063612e-6	upstream_gene_variant
PC(36:5)	CLEC12A	rs4764108	G	A	0.424528	12	10094841	0.09307735023933608	2.464083175076201e-6	intron_variant
PE(38:3)	SLC15A1	rs4772153	A	G	0.358491	13	99536945	0.08881747722335927	9.76012909529122e-7	intron_variant
dhCer(24:0)	SPTLC3	rs4813102	T	A	0.386792	20	12947883	0.0841976634864716	4.919174482805383e-6	regulatory_region_variant
CE(20:5)	AKAP13	rs4843070	A	G	0.273585	15	86107752	0.08064655757679812	1.315389385058165e-6	intron_variant
LPC(17:1)	IRF8	rs4843326	C	T	0.212264	16	86003058	0.06120836414825645	4.6912117131806015e-6	regulatory_region_variant
PC(36:6)	CSMD1	rs4875337	T	A	0.466981	8	4200359	0.09552422321141772	2.474746093133939e-6	intron_variant
CE(18:0)	ANK3	rs4948418	C	T	0.0943396	10	62185494	0.03704033004300124	4.162325268970579e-6	intron_variant
PI(36:4)	SLC9A3	rs4957059	G	A	0.476415	5	506515	0.1031663785007286	1.8084791883310847e-7	intron_variant
PC(29:0)	GPR83	rs516381	C	T	0.231132	11	94140967	0.07727846516899785	2.674673819973071e-6	intergenic_variant
SM(34:2)	KCNA5	rs56132776	C	A	0.485849	12	5144484	0.09562683995340009	3.0794233258090345e-6	upstream_gene_variant
PE-O(36:2)	PLD5	rs56376780	C	G	0.0613208	1	242967466	0.02472707510411643	5.658434790612033e-7	intergenic_variant
PE(35:2)	FABP6	rs57797779	C	T	0.235849	5	159653351	0.06567150670445811	2.374651761758907e-6	intron_variant
SM(34:2)	TCERG1L	rs58352738	C	A	0.15566	10	132698850	0.05916714055628638	2.2329731965869513e-6	regulatory_region_variant
LPI(18:2)	NCR1	rs592878	G	A	0.415094	19	55431390	0.08397549999844499	1.6260265591902833e-6	downstream_gene_variant
SM(36:3)	PKIG	rs6065734	A	G	0.0896226	20	43207943	0.03727071250859208	1.8828033841925357e-6	intron_variant
SM(41:2)	PKIG	rs6065734	A	G	0.0896226	20	43207943	0.03517260863440757	3.258570787526654e-6	intron_variant
PC-P(34:2)	SH2D4A	rs61034080	G	T	0.424528	8	19182508	0.11169116575950776	4.2390797125045825e-6	intron_variant
PE-P(40:6)	TTPAL	rs62206859	G	A	0.108491	20	43065743	0.03201410135868697	2.7199240350806024e-6	downstream_gene_variant
Cer(16:0)	MND1	rs62324667	A	C	0.127358	4	154302338	0.03779368762236029	3.569409915067257e-6	intron_variant
Cer(18:0)	MND1	rs62324667	A	C	0.127358	4	154302338	0.04221719608357421	8.1149773324244e-7	intron_variant
PC(32:3)	FSTL4	rs62373473	C	T	0.419811	5	133020181	0.10378774737381792	2.839941127653425e-6	intergenic_variant
PC(35:1)	KLF4	rs648517	A	C	0.287736	9	110728590	0.06998995839185913	4.822291876472375e-6	upstream_gene_variant
DHC(20:0)	LRRC4C	rs6485288	A	G	0.113208	11	41881338	0.0414110343102853	2.106273681544911e-7	intron_variant
LPC-O(18:0)	GALNT1	rs6507141	A	T	0.174528	18	33329325	0.06348436697052502	1.0016102602802865e-7	regulatory_region_variant
CE(24:0)	TNFRSF11A	rs6650711	G	A	0.132075	18	59965265	0.03703610165182064	4.120550131098927e-6	intron_variant
GM3(16:0)	RXRG	rs6670374	A	T	0.169811	1	165402747	0.05498816884029309	2.5579011544159875e-6	intron_variant
THC(18:0)	CREG1	rs6677911	G	A	0.320755	1	167557483	0.08615998332612484	3.318817877462399e-6	upstream_gene_variant
CE(20:1)	NT5C3A	rs66798602	A	G	0.372642	7	33084466	0.10237882390616795	1.294081686586342e-6	intron_variant
PC(29:0)	FSHR	rs6746395	C	T	0.306604	2	50243779	0.07232372721779752	4.271234069718332e-6	intron_variant
PI(38:4)	IHO1	rs6803264	C	T	0.235849	3	49254427	0.0718401752104967	4.852250532011298e-7	intron_variant
CE(14:0)	MSX2	rs6872302	G	A	0.339623	5	174338352	0.10251519622608736	8.396058462819942e-7	intergenic_variant
TG(50:1)	MSX2	rs6872302	G	A	0.339623	5	174338352	0.09118351700894692	3.5323139387775335e-6	intergenic_variant
GM3(20:0)	ANKRD55	rs6880941	A	T	0.306604	5	55434522	0.05814366454695383	2.8347178039196178e-6	intron_variant
LPE(18:2)	ANKRD55	rs6880941	A	T	0.306604	5	55434522	0.05871796356772734	3.373509296758754e-6	intron_variant
PE-O(34:2)	TAB2	rs6903827	A	C	0.221698	6	149403469	0.05816051214013257	4.312168138030481e-6	regulatory_region_variant
PE-O(36:3)	TAB2	rs6903827	A	C	0.221698	6	149403469	0.06451512235547727	1.0973965464999326e-6	regulatory_region_variant
CE(20:1)	MLN	rs6912350	C	A	0.433962	6	33847919	0.1002647686696218	4.990899806697164e-6	intron_variant
LPI(18:2)	GTF2I	rs6945602	T	A	0.278302	7	74005525	0.07975339010077293	1.5061494636491877e-6	intron_variant
dhCer(22:0)	TNFSF15	rs7032238	G	A	0.292453	9	117533062	0.09067367003761302	7.266570417321281e-7	intergenic_variant
PI(36:1)	ITPKB	rs708770	G	A	0.292453	1	226912135	0.08319414312961428	2.5187497792265715e-6	intron_variant
DG(34:2)	LRRC18	rs7101184	C	T	0.29717	10	50046323	0.08711411181517013	4.144566187645754e-6	intron_variant
PI(34:1)	IRF8	rs7197319	G	T	0.363208	16	86031452	0.0786168364234689	2.628882420217024e-6	intergenic_variant
SM(32:0)	PLA2G2A	rs72661018	C	G	0.117925	1	20281127	0.0480197765200309	1.84805262023564e-6	intergenic_variant
PC(38:2)	AHI1	rs72982200	C	G	0.316038	6	135961688	0.08206066688981065	4.712972725014946e-6	intron_variant
PE-P(34:1)	NOM1	rs74572386	T	C	0.146226	7	156723077	0.04984319041263928	8.830417559461953e-7	intergenic_variant
PE-P(36:1)	NOM1	rs74572386	T	C	0.146226	7	156723077	0.04668637550205339	1.8780102048940056e-6	intergenic_variant
PE(35:1)	GZMB	rs749373	T	C	0.141509	14	25273366	0.0454092688421407	4.527032666568357e-6	intergenic_variant
MHC(16:0)	RXRG	rs7533324	C	T	0.179245	1	165387533	0.07059920976672714	3.37320109079464e-7	intron_variant
CE(24:4)	RGS7	rs7554279	G	A	0.198113	1	241523480	0.06558015054532296	3.6939002263630977e-6	upstream_gene_variant
LPC(22:6)	WDR33	rs7588683	A	G	0.353774	2	128571117	0.09274727001930726	2.10557697699927e-6	upstream_gene_variant
DHC(22:0)	IL17A	rs76119653	G	A	0.198113	6	52064827	0.05711424561997989	4.058745852219707e-6	intergenic_variant
DG(32:1)	MSX2	rs764832	T	G	0.325472	5	174303151	0.0964823914472813	2.9281245498611424e-6	intergenic_variant
TG(48:1)	MSX2	rs764832	T	G	0.325472	5	174303151	0.11015184830611466	4.536629384956173e-7	intergenic_variant
TG(48:2)	MSX2	rs764832	T	G	0.325472	5	174303151	0.09776466145450632	2.637311127922384e-6	intergenic_variant
TG(49:1)	MSX2	rs764832	T	G	0.325472	5	174303151	0.1056292892385303	8.84353015960553e-7	intergenic_variant
SM(31:1)	PAPSS1	rs77450561	T	G	0.358491	4	108523821	0.09496178302334428	2.3504927924652954e-6	intron_variant
Cer(24:0)	ZBED9	rs7748643	G	A	0.334906	6	28659407	0.08383768311859505	8.384277815463383e-7	intergenic_variant
CE(18:1)	CARD11	rs7801234	G	A	0.231132	7	3127246	0.06355254739533546	3.6066751325382663e-6	upstream_gene_variant
PC(33:2)	AUTS2	rs7806156	G	A	0.462264	7	68412964	0.08677961152394077	2.160141127996917e-6	intergenic_variant
LPC(26:0)	TXNDC8	rs7856242	T	C	0.443396	9	113118327	0.0894374796269567	3.927110484397667e-6	intergenic_variant
PE-O(36:3)	PCGF5	rs7901798	C	G	0.448113	10	92915549	0.127510346741088	1.1459532321765226e-8	upstream_gene_variant
PE-O(36:4)	PCGF5	rs7901798	C	G	0.448113	10	92915549	0.09253310610201496	2.070991863647532e-6	upstream_gene_variant
CE(15:0)	PTER	rs7904333	C	T	0.429245	10	16476271	0.10435608083266862	4.724932015477837e-6	upstream_gene_variant
PE(40:4)	KCNA1	rs7954374	T	C	0.212264	12	5076371	0.08186554383003325	9.313700978866306e-7	intergenic_variant
TG(50:4)	HIF3A	rs8112409	G	A	0.372642	19	46788096	0.11028519035102166	4.35598671641881e-6	intergenic_variant
TG(52:4)	HIF3A	rs8112409	G	A	0.372642	19	46788096	0.11700940079451132	1.6609475184547606e-6	intergenic_variant
PE(40:6)	JRKL	rs871881	A	G	0.188679	11	96929071	0.05488740399208606	2.001277574746027e-6	intergenic_variant
PE(40:7)	JRKL	rs871881	A	G	0.188679	11	96929071	0.06056106031280055	5.075571384108159e-7	intergenic_variant
SM(38:1)	HLA-B	rs9265893	G	C	0.377358	6	31313339	0.0947820761885458	1.4027952239381242e-6	intergenic_variant
PC(38:2)	EZR	rs9457508	T	C	0.334906	6	159317483	0.0948439217759618	1.3783714615578283e-6	intron_variant
PE-P(38:6)	MLN	rs9461923	T	A	0.490566	6	33850416	0.08297520409789541	2.044562684579357e-6	intron_variant
PC(35:4)	MLN	rs9469616	G	A	0.363208	6	33820342	0.09702293292084647	2.2202672888600324e-6	intergenic_variant
CE(18:0)	EGR2	rs953027	A	G	0.264151	10	64654109	0.08012060675316708	3.1903804743749536e-7	intron_variant
PE(36:5)	SGCG	rs9552736	T	G	0.358491	13	23441271	0.08857570837166082	2.4521837752689488e-6	intergenic_variant
LPC(20:2)	NFKBIZ	rs9843901	G	A	0.0849057	3	101672705	0.03004781307763452	8.419370701476993e-7	intron_variant
